,Case,KeyDateTime,Create,at,by,Modify,at.1,by.1,C Forename,C Surname,Inits,C Adrs1,C Adrs2,C Adrs3,C Adrs4,C Adrs5,Postcode,DX No,DX Exchange,Phone,Mobile,Email,CoType,Title,Status,Personal,Sols Ref,Relationship,Comments,Letter Sent,Foreign,Phone 2
0,10001403,79829084858383,2017-09-15,14:16:16.032000,P34,,,,Jasmine,Collins,J,Flat 42U,Rhys fall,New Joemouth,N4 6FA,,B9 3BZ,,,(0115)4960650,(0115)4960650,jacquelinewilson@hotmail.com,O,Dr.,C,Y,,,Persevering zero-defect orchestration,0,,(0115)4960650
1,10002199,79849187857083,2015-08-12,14:29:15.965000,B63,2017-06-28,12:14:08.016000,L77,Raymond,Fuller,R,Studio 68J,Sylvia brook,Lake Kellymouth,M53 2JH,,CA44 4HG,,,+44(0)116 4960396,+44(0)116 4960396,sfoster@smith-thornton.com,O,Dr.,C,Y,,,Ameliorated 6thgeneration ability,0,,+44(0)116 4960396
2,10008713,79829272895347,2017-07-27,10:46:52.003000,V12,,,,Janet,Cunningham,J,Flat 35A,Clark light,Port Johnburgh,OX61 7UP,,G8 4QA,,,+44(0)1614960191,+44(0)1614960191,coxjoseph@gmail.co.uk,O,Dr.,C,Y,,,Multi-layered 5thgeneration orchestration,0,,+44(0)1614960191
3,10050276,79809569838695,2019-04-30,16:13:04.022000,R92,,,,Hannah,Smith,H,Flat 00,Frank gardens,East Connorport,HA8 2JF,,ME9 5PT,,,01614960778,01614960778,clifforddavies@rowe.net,O,Dr.,C,Y,,,Decentralized multi-tasking access,0,,01614960778
4,1005934T,79938982889885,2006-10-17,11:01:14.016000,R02,2011-08-03,14:32:44.016000,B70,Laura,Thomas,L,8 Morgan valley,Brooksfurt,DT86 0UU,,,E0F 1LA,,,0114 496 0680,0114 496 0680,holliebrown@davies.com,P,Mrs.,C,N,,,Team-oriented bifurcated definition,2,,0114 496 0680
5,10076428,79809591907255,2019-04-08,09:27:43.978000,R14,,,,Colin,Clark,C,168 Owen plains,Kellyhaven,E4 5YG,,,E36 2BW,,,01514960044,01514960044,stephaniefowler@jenkins.com,E,Dr.,C,Y,,,Distributed multimedia approach,0,,01514960044
6,10094354,79869081894297,2013-09-18,10:57:01.987000,C95,2017-02-09,11:20:34.022000,L69,Justin,Knowles,J,Studio 00G,Beverley river,Justinhaven,LE7 6PH,,CV4H 3AW,,,0131 4960029,0131 4960029,carlyoung@yahoo.com,O,Miss,C,Y,,,Centralized object-oriented artificial intelligence,0,,0131 4960029
7,10096406,79839195865873,2016-08-04,13:41:26.016000,B67,,,,Rhys,Roberts,R,3 Dawn lock,East Shirley,DA4M 2ZG,,,LL4V 9QG,,,01214960173,01214960173,alewis@wright.com,O,Mr.,C,Y,,,Innovative 4thgeneration throughput,0,,01214960173
8,10114901,79849582899477,2015-04-17,10:05:22.042000,B72,2017-09-20,15:09:08.035000,S19,Maria,Smith,M,57 Roberts summit,East Christian,W0F 0NX,,,M77 0HP,,,(0141)4960507,(0141)4960507,vincenthanson@yahoo.com,O,Dr.,C,Y,,,Secured 24hour migration,0,,(0141)4960507
9,10122279,79909873924465,2009-01-26,07:55:34.032000,B41,2011-08-03,15:31:12.029000,B70,Rosie,Parker,R,Flat 3,Jack cliffs,Moranton,N3K 3BE,,B7G 3NP,,,+441632960254,+441632960254,tina37@lewis.info,O,Dr.,C,N,,,Secured holistic initiative,0,,+441632960254
10,10122279,79909384836853,2009-06-15,16:31:46.013000,C03,2011-08-03,15:30:53.971000,B70,Harriet,Evans,H,027 Josh ways,Annberg,G6 5BR,,,W24 8HP,37225.0,PICCADILLY,0115 4960437,0115 4960437,jennawalker@gmail.com,O,Dr.,C,N,,,Business-focused clear-thinking capability,0,,0115 4960437
11,10143894,79808796857547,2019-12-03,14:24:52.013000,C60,,,,Jane,King,J,Studio 59,Fiona brooks,Lake Lisaberg,HD61 5GY,,ZE5 8ED,,,+441134960356,+441134960356,connorhopkins@martin.com,O,Dr.,C,Y,,,Organized exuding Local Area Network,0,,+441134960356
12,10164063,79829580839349,2017-04-19,16:06:49.997000,L77,,,,Dale,Carr,D,Studio 24,Patel ports,Carterburgh,M69 8UL,,N9H 3HX,,,01164960320,01164960320,lewisgary@james.com,O,Mr.,C,Y,,,Enterprise-wide transitional database,0,,01164960320
13,10164149,79819192854667,2018-08-07,14:53:31.978000,B58,,,,Anthony,Jackson,A,Flat 18h,Robin mountain,Mollychester,SR9B 9DF,,DH9W 9YZ,,,+44(0)113 4960637,+44(0)113 4960637,anthony38@hotmail.co.uk,O,Dr.,C,Y,,,Innovative 24/7 time-frame,0,,+44(0)113 4960637
14,10337914,79879672848961,2012-03-27,15:10:37.978000,R44,,,,Oliver,Wright,O,Flat 3,Roger harbors,Port Kerry,B60 2ZE,,LU3 6DH,,,+44(0)1314960956,+44(0)1314960956,ihumphries@gmail.co.uk,P,Mrs.,C,Y,,,Realigned full-range approach,0,,+44(0)1314960956
15,10352773,79799388876455,2020-06-11,12:35:44.016000,P77,,,,Janice,Jackson,J,457 Kerr streets,Henrymouth,SR4 1LN,,,E22 3TL,,,+4428 9018 0103,+4428 9018 0103,fitzgeraldlinda@stewart.net,O,Mrs.,C,Y,,,Function-based 24/7 ability,0,,+4428 9018 0103
16,10373495,79818997849677,2018-10-02,15:03:22.003000,R43,2018-10-02,15:19:21.994000,R43,Sam,Carr,S,2 Joan canyon,East Geoffrey,IM4 6QF,,,DA5Y 9XZ,,,01154960333,01154960333,kirstyking@taylor.com,O,Mr.,C,Y,,,Up-sized regional methodology,0,,01154960333
17,10397831,79808871879953,2019-11-28,12:00:45.965000,B64,2019-11-28,12:17:16.022000,B64,Hazel,Stone,H,542 Davis garden,Benjaminchester,W7D 2TR,,,L8 4AP,,,+44(0)306 9990838,+44(0)306 9990838,qwilliamson@taylor-hughes.com,O,Dr.,C,Y,,,Synchronized clear-thinking installation,0,,+44(0)306 9990838
18,10461469,79838791888747,2016-12-08,11:12:52.042000,C75,2017-09-21,07:22:49.987000,S19,Francis,Taylor,F,36 Tina junction,Ameliaburgh,AL3P 3ZN,,,TF2P 9EP,,,(0161) 496 0580,(0161) 496 0580,simsholly@atkinson-lewis.net,O,Dr.,C,Y,,,Organized composite pricing structure,0,,(0161) 496 0580
19,11183886,79819897857579,2018-01-02,14:24:19.958000,V12,,,,Bradley,Roberts,B,Studio 87s,Jayne islands,Port Kathleen,L90 9EA,,M8A 2RW,,,(0118) 496 0166,(0118) 496 0166,marcjenkins@gibbs.com,O,Dr.,C,Y,,,Down-sized needs-based time-frame,0,,(0118) 496 0166
20,11466112,79829084868047,2017-09-15,13:19:52.003000,L55,,,,Anna,Russell,A,Studio 2,Donald trafficway,Dayhaven,IV5H 9ZA,,ME8V 1LB,,,(0191) 496 0376,(0191) 496 0376,pageleonard@hotmail.com,E,Dr.,C,Y,,,Exclusive mission-critical product,0,,(0191) 496 0376
21,12797033,79799789864257,2020-02-10,13:57:41.990000,L98,2020-02-10,14:00:39.974000,L98,Jane,Fraser,J,8 Natasha oval,South Shannon,GY31 6DY,,,DT7P 5EQ,,,+441632 960 035,+441632 960 035,siancole@holland.com,O,Dr.,C,Y,,,Seamless bandwidth-monitored moderator,0,,+441632 960 035
22,13263316,79808790846697,2019-12-09,15:33:02.016000,V53,,,,Kirsty,Donnelly,K,39 Billy villages,North Terry,L3 2XR,,,IM7Y 0DP,,,+44(0)20 74960119,+44(0)20 74960119,rkelly@owens-morgan.com,P,Dr.,C,Y,,,Operative value-added moderator,0,,+44(0)20 74960119
23,94016032,79849786835357,2015-02-13,16:46:41.981000,C35,,,,Lewis,Blackburn,L,804 Hilary forks,South Jessica,HG6 3LW,,,DL06 1DD,,,+44808 157 0351,+44808 157 0351,callumfisher@gmail.co.uk,O,Dr.,C,Y,,,Multi-lateral 24/7 architecture,0,,+44808 157 0351
