,rct,Deputy No,Link Deputy No,Comment,Create,at,by,Modify,at.1,by.1
0,0,188,63276,Open-source modular success,2017-01-24,16:26:50.006000,L77,,,
1,1,188,81061,Managed local monitoring,2017-01-24,16:27:02.016000,L77,2017-01-24,16:27:30.010000,L77
2,2,209,296,Enterprise-wide object-oriented middleware,2016-10-26,14:50:49.978000,P58,,,
3,3,209,63268,Sharable encompassing service-desk,2016-10-26,14:50:35.981000,P58,,,
4,4,209,124039,Multi-tiered static synergy,2019-10-08,08:39:54.029000,R87,,,
5,5,211,252,Configurable zero administration flexibility,2016-12-07,12:15:02.016000,P58,,,
6,6,231,28033,Networked static conglomeration,2017-08-11,12:49:33.974000,R87,,,
7,7,231,120935,Monitored web-enabled middleware,2019-01-04,14:48:09.965000,R87,,,
8,8,231,121966,Programmable 5thgeneration capacity,2019-01-04,14:48:18,R87,,,
9,9,239,41427,Sharable real-time success,2016-11-08,13:19:22.022000,P58,,,
10,10,255,276,Organized intangible definition,2016-11-17,08:33:00,P58,,,
11,11,255,63294,Quality-focused 4thgeneration alliance,2016-11-17,08:33:40.003000,P58,,,
12,12,259,197,Phased scalable approach,2017-02-07,09:03:37.987000,R87,,,
13,13,259,95167,Team-oriented empowering data-warehouse,2018-11-24,15:43:15.974000,P58,,,
14,14,259,114099,Robust global algorithm,2018-11-24,15:43:46.042000,P58,,,
15,15,291,108741,Total client-driven superstructure,2016-11-11,09:47:50.035000,P58,,,
16,16,325,63267,Function-based attitude-oriented emulation,2016-10-26,15:02:33.965000,P58,,,
17,17,325,93636,Open-architected maximized algorithm,2016-10-26,15:02:47.962000,P58,,,
18,18,333,68947,Compatible high-level customer loyalty,2016-11-29,08:58:31.958000,P58,,,
19,19,333,107472,Proactive regional architecture,2017-08-10,14:34:58.022000,R87,,,
20,20,333,113027,Automated secondary extranet,2020-03-05,11:35:29.990000,R87,,,
21,21,342,46219,Optional 5thgeneration infrastructure,2016-11-08,09:58:07.968000,P58,,,
22,22,342,97761,Devolved scalable monitoring,2019-05-02,08:49:12,R87,,,
23,23,352,24092,Object-based 5thgeneration initiative,2020-04-20,13:47:35.981000,R87,,,
24,24,352,53018,Focused static intranet,2017-01-17,14:17:55.997000,P58,,,
25,25,360,36211,Reduced attitude-oriented initiative,2019-02-27,09:33:14.026000,R87,,,
26,26,409,75740,Proactive 3rdgeneration conglomeration,2019-02-26,09:04:14.016000,R87,,,
27,27,409,126028,Cross-group global system engine,2019-02-26,09:05:18.038000,R87,,,
28,28,501,13688,Re-engineered bifurcated definition,2017-06-22,14:52:28.042000,R87,,,
29,29,636,104897,Reverse-engineered impactful core,2017-01-25,12:12:22.003000,L07,2017-01-25,12:12:44.035000,L07
30,30,636,132955,Expanded motivating complexity,2019-02-26,09:58:56.006000,R87,,,
31,31,919,2242,Reactive composite challenge,2016-11-10,08:19:30,P58,,,
32,32,919,5118,Ergonomic exuding hierarchy,2016-11-10,08:19:42.010000,P58,,,
33,33,919,5458,Reduced homogeneous time-frame,2016-11-10,08:19:57.994000,P58,,,
34,34,919,11436,Function-based holistic infrastructure,2019-07-11,09:05:08.016000,R87,,,
35,35,919,11835,Optimized stable capability,2016-11-10,08:20:11.990000,P58,,,
36,36,919,42837,Open-source grid-enabled archive,2016-11-10,08:20:25.987000,P58,,,
37,37,919,78343,Operative maximized approach,2016-11-10,08:20:36.010000,P58,,,
38,38,919,98743,Adaptive scalable core,2017-07-21,08:29:37.997000,R87,,,
39,39,925,82760,Integrated bandwidth-monitored conglomeration,2017-04-20,14:48:56.016000,R87,,,
40,40,925,95137,Universal transitional project,2017-04-20,14:49:10.013000,R87,,,
41,41,925,95168,Public-key solution-oriented standardization,2017-04-20,14:49:20.035000,R87,,,
42,42,925,97521,Synergistic 24/7 toolset,2019-02-13,09:24:14.026000,R87,,,
43,43,960,9045,Cloned incremental protocol,2016-11-08,11:07:20.006000,P58,,,
44,44,960,134220,Re-contextualized background database,2019-03-08,14:24:22.032000,R87,,,
45,45,1041,366,Public-key human-resource throughput,2016-11-29,11:17:38.026000,P58,,,
46,46,1667,54934,Balanced human-resource algorithm,2016-12-14,12:19:16.032000,V41,,,
47,47,1667,117261,Assimilated bandwidth-monitored success,2018-06-07,14:15:45.965000,R87,,,
48,48,1859,787,Cross-platform optimizing complexity,2017-02-02,09:35:19.997000,R87,,,
49,49,1859,1624,Polarized needs-based utilization,2016-10-26,15:08:46.003000,P58,,,
50,50,1859,63252,Compatible solution-oriented paradigm,2016-10-26,15:08:30.019000,P58,,,
51,51,1859,65368,Total leadingedge open system,2016-10-26,15:08:51.965000,P58,,,
52,52,1859,90848,Total scalable encryption,2019-11-25,11:27:18.029000,R87,,,
53,53,1859,100502,Balanced methodical parallelism,2018-03-13,14:44:22.042000,C11,,,
54,54,1859,136439,Progressive secondary success,2019-08-15,13:42:39.974000,L28,2019-11-25,11:27:34.013000,R87
55,55,1859,141548,Virtual context-sensitive project,2020-04-21,11:06:15.984000,L28,,,
56,56,1944,306,Self-enabling stable firmware,2016-10-26,14:58:20.035000,P58,,,
57,57,1944,2017,Integrated tertiary encryption,2016-10-26,14:58:34.032000,P58,,,
58,58,1944,23392,Multi-lateral leadingedge emulation,2016-10-26,14:58:41.981000,P58,,,
59,59,1944,30606,Realigned stable hardware,2016-10-26,14:58:48.029000,P58,,,
60,60,1944,45005,Triple-buffered contextually-based focus group,2016-10-06,08:12:37.958000,P58,2016-10-26,14:58:06.038000,P58
61,61,1944,60979,Streamlined methodical application,2016-10-26,14:59:19.997000,P58,,,
62,62,1944,80553,Optional neutral data-warehouse,2016-10-26,14:59:30.019000,P58,,,
63,63,1944,95138,Synergized object-oriented neural-net,2017-08-09,12:19:56.035000,L19,,,
64,64,1944,95199,Versatile didactic encoding,2018-11-16,09:19:30.029000,B55,,,
65,65,1944,120540,Grass-roots fresh-thinking groupware,2019-06-04,13:47:37.968000,R87,,,
66,66,1944,142618,Reduced neutral encoding,2020-03-02,10:05:12.019000,R87,,,
67,67,2124,36307,Enterprise-wide didactic matrices,2019-02-13,08:25:13.958000,R87,,,
68,68,2124,139880,Networked radical concept,2019-11-29,11:33:55.987000,R87,,,
69,69,2608,24446,Multi-channeled homogeneous algorithm,2017-05-09,08:23:06,R87,,,
70,70,2941,48610,Team-oriented stable archive,2017-02-27,15:09:08.035000,R87,,,
71,71,3223,72863,Secured composite database,2017-02-07,08:59:54.038000,R87,,,
72,72,3223,91176,Programmable regional secured line,2017-02-07,09:00:03.974000,R87,,,
73,73,3409,58507,Re-engineered heuristic budgetary management,2019-02-12,09:32:01.968000,R87,,,
74,74,3886,92393,User-centric context-sensitive neural-net,2020-03-04,11:42:19.958000,R87,,,
75,75,3886,97901,Implemented systemic Internet solution,2017-02-01,13:57:57.974000,R87,,,
76,76,4108,64490,Configurable fresh-thinking focus group,2017-02-01,13:44:53.981000,R87,2019-08-09,14:46:00.019000,R87
77,77,4340,107832,Reactive client-server function,2017-10-23,11:18:41.962000,R87,,,
78,78,4477,334,Versatile regional infrastructure,2016-10-27,08:17:15.994000,P58,,,
79,79,4477,1926,Centralized contextually-based circuit,2016-10-27,08:17:24.029000,P58,,,
80,80,4477,2097,Multi-lateral web-enabled database,2016-10-27,08:17:31.978000,P58,,,
81,81,4477,27518,Adaptive intermediate structure,2016-10-27,08:17:38.026000,P58,,,
82,82,4477,49815,Distributed multi-state installation,2016-10-27,08:17:47.962000,P58,,,
83,83,4477,74982,Fundamental disintermediate hub,2016-10-27,08:18:13.968000,P58,,,
84,84,4477,89184,Enterprise-wide maximized conglomeration,2017-01-13,14:31:15.974000,R87,,,
85,85,4477,106254,Up-sized global support,2019-08-14,11:06:08.035000,L28,,,
86,86,4836,43411,De-engineered directional service-desk,2016-11-08,12:57:08.006000,P58,,,
87,87,4836,49891,Stand-alone optimal approach,2016-11-08,12:57:32.026000,P58,,,
88,88,4836,73424,Inverse 24hour leverage,2016-11-08,12:57:41.962000,P58,,,
89,89,4836,85620,Compatible directional architecture,2016-11-08,12:57:49.997000,P58,,,
90,90,5664,55524,Advanced fault-tolerant encoding,2017-08-11,09:25:39.994000,R87,,,
91,91,5664,80825,User-centric mission-critical framework,2017-08-11,09:25:52.003000,R87,,,
92,92,5966,98563,Pre-emptive analyzing encryption,2016-11-22,14:26:01.997000,P58,,,
93,93,5984,58774,Reverse-engineered dynamic toolset,2016-10-26,15:00:40.003000,P58,,,
94,94,5984,63240,Optimized needs-based forecast,2016-10-26,15:00:50.026000,P58,,,
95,95,5984,69010,Grass-roots value-added framework,2019-01-03,11:00:44.035000,L07,2019-10-15,11:11:13.978000,R87
96,96,5984,95178,Reverse-engineered next generation functionalities,2016-10-26,15:00:54,P58,,,
97,97,8299,67501,Cloned 24hour solution,2017-01-16,12:11:05.971000,R87,2017-01-16,12:11:14.006000,R87
98,98,8366,12206,Public-key background capability,2016-12-06,12:51:58.003000,P58,,,
99,99,8366,59935,Optional homogeneous time-frame,2016-12-06,12:52:12,P58,,,
100,100,10555,15481,Diverse incremental policy,2016-11-17,08:55:49.958000,P58,2020-05-12,09:36:54,R87
101,101,10555,16753,Ameliorated incremental groupware,2019-01-04,11:36:16.042000,R87,2020-05-12,09:37:02.035000,R87
102,102,10555,17938,Multi-tiered stable Internet solution,2016-11-17,08:56:04.042000,P58,2020-05-12,09:37:07.997000,R87
103,103,10555,47156,Face-to-face asymmetric workforce,2019-01-04,11:34:02.035000,R87,2020-05-12,09:37:11.971000,R87
104,104,10555,48795,Total web-enabled archive,2020-05-12,09:48:23.990000,R87,,,
105,105,10555,55316,Multi-tiered homogeneous functionalities,2020-05-12,09:48:48.010000,R87,,,
106,106,10555,76101,Synergistic empowering definition,2016-11-17,08:56:15.965000,P58,2020-05-12,09:37:18.019000,R87
107,107,10555,81568,Stand-alone clear-thinking analyzer,2020-05-12,09:48:36,R87,,,
108,108,10555,144052,Reactive fault-tolerant focus group,2020-05-12,09:48:58.032000,R87,,,
109,109,10873,47403,Enterprise-wide incremental knowledge user,2016-11-08,10:05:03.984000,P58,,,
110,110,10873,52261,Reverse-engineered zero-defect installation,2019-12-02,14:28:30,L28,,,
111,111,11176,93875,Synergized methodical time-frame,2016-11-11,08:20:55.968000,P58,,,
112,112,11191,80726,Advanced attitude-oriented array,2017-01-24,11:46:10.042000,R87,,,
113,113,15446,5923,Up-sized homogeneous product,2019-02-12,09:11:55.997000,R87,,,
114,114,15446,14427,Visionary context-sensitive contingency,2017-03-07,09:11:26.016000,R87,,,
115,115,15446,118840,Integrated homogeneous groupware,2017-08-15,14:59:21.984000,R87,,,
116,116,15446,134522,Streamlined zero administration circuit,2019-05-24,11:37:19.978000,R87,,,
117,117,15527,95213,Pre-emptive motivating open architecture,2017-01-13,14:28:14.016000,R87,,,
118,118,16381,249,Vision-oriented asymmetric solution,2016-10-27,08:31:25.997000,P58,,,
119,119,16381,72825,Self-enabling analyzing application,2016-10-27,08:31:34.032000,P58,,,
120,120,16381,95192,Sharable next generation toolset,2016-10-27,08:31:08.026000,P58,,,
121,121,16381,118037,Customer-focused executive budgetary management,2019-02-06,11:59:18.010000,L07,2019-02-06,11:59:28.032000,L07
122,122,16381,124325,Progressive coherent collaboration,2019-08-30,14:22:48.029000,R87,2019-08-30,14:22:57.965000,R87
123,123,18514,268,Managed background framework,2016-10-26,14:53:29.990000,P58,,,
124,124,18514,20293,Profit-focused bi-directional matrices,2016-10-26,14:53:36.038000,P58,,,
125,125,18514,27053,Upgradable zero administration ability,2016-10-26,14:53:50.035000,P58,,,
126,126,18514,63255,Vision-oriented global solution,2016-10-26,14:53:15.994000,P58,,,
127,127,18514,66401,Down-sized upward-trending synergy,2016-10-26,14:53:54.010000,P58,,,
128,128,18514,95134,Down-sized background analyzer,2017-08-11,10:33:06.019000,R87,,,
129,129,21661,60745,Front-line directional emulation,2016-10-27,08:51:27.994000,P58,,,
130,130,21661,108460,Reactive web-enabled strategy,2018-04-18,09:04:54.019000,P58,,,
131,131,22625,37528,Cross-platform national product,2017-11-01,12:06:04.003000,R87,,,
132,132,23772,264,Reactive multimedia hub,2016-11-07,14:51:45.965000,L07,,,
133,133,23772,76247,Virtual even-keeled application,2016-11-07,14:51:55.987000,L07,,,
134,134,23772,140363,Right-sized 3rdgeneration adapter,2020-03-12,13:05:00.010000,L28,,,
135,135,25727,238,Multi-channeled optimizing Internet solution,2016-11-14,12:33:49.968000,P58,,,
136,136,25727,298,Operative empowering hierarchy,2016-11-14,12:34:03.965000,P58,,,
137,137,25727,58996,Progressive asymmetric project,2016-11-14,12:34:10.013000,P58,,,
138,138,25727,87813,Diverse client-driven knowledgebase,2016-11-14,12:34:20.035000,P58,,,
139,139,25767,6544,Multi-layered radical throughput,2017-04-20,14:53:59.971000,R87,,,
140,140,25767,124201,Pre-emptive radical collaboration,2020-02-13,09:38:03.984000,R87,,,
141,141,27753,12072,Ergonomic national neural-net,2016-11-11,14:36:18.029000,P58,,,
142,142,27753,65996,Upgradable executive standardization,2016-10-27,08:16:13.958000,P58,,,
143,143,27753,66932,Vision-oriented didactic customer loyalty,2016-10-27,08:16:30.029000,P58,,,
144,144,27753,95116,Fully-configurable reciprocal hardware,2016-10-27,08:16:42.038000,P58,,,
145,145,29862,11725,Optional didactic initiative,2017-06-26,14:06:12.010000,R87,,,
146,146,29862,55966,Reverse-engineered global software,2017-06-26,14:06:26.006000,R87,,,
147,147,29862,121143,Upgradable holistic analyzer,2019-01-07,14:52:09.984000,R87,,,
148,148,29899,63194,Realigned mission-critical analyzer,2017-08-16,16:38:47.990000,R87,,,
149,149,30462,2720,Universal holistic instruction set,2016-12-23,11:52:35.990000,P58,,,
150,150,30462,69002,Focused multi-state implementation,2019-02-27,10:41:07.958000,R87,,,
151,151,30462,95140,Multi-channeled 24/7 orchestration,2016-12-23,11:52:48,P58,,,
152,152,30753,43558,Synchronized impactful firmware,2019-02-12,09:29:01.997000,R87,,,
153,153,30983,426,Reverse-engineered dedicated adapter,2016-10-27,08:22:01.978000,P58,,,
154,154,30983,23857,Intuitive tertiary complexity,2016-10-27,08:22:52.003000,P58,,,
155,155,30983,63239,Right-sized systematic migration,2016-10-27,08:20:39.984000,P58,,,
156,156,30983,70466,Multi-lateral eco-centric database,2016-11-21,09:54:00,P58,,,
157,157,30983,117588,Self-enabling asynchronous customer loyalty,2020-04-17,07:28:03.965000,R87,2020-04-17,07:28:25.997000,R87
158,158,30983,133328,Managed maximized service-desk,2019-01-30,11:27:53.971000,L28,2020-04-17,07:28:17.962000,R87
159,159,31180,6951,Devolved foreground infrastructure,2017-03-06,12:28:51.974000,R87,,,
160,160,31180,13704,Monitored scalable encryption,2018-12-20,09:21:22.003000,L28,2019-05-24,09:52:10.013000,R87
161,161,31180,135192,Reverse-engineered 24/7 superstructure,2019-05-24,09:52:29.971000,R87,,,
162,162,31487,6329,Multi-tiered homogeneous system engine,2017-05-26,13:58:04.022000,R87,,,
163,163,31487,43244,Persevering asymmetric moratorium,2017-05-26,13:57:40.003000,R87,,,
164,164,34654,1476,Cloned transitional synergy,2017-02-01,13:49:51.974000,R87,,,
165,165,34654,110590,Optional bifurcated hierarchy,2017-02-01,13:50:10.032000,R87,,,
166,166,39289,95160,Realigned multimedia data-warehouse,2017-01-23,09:33:59.990000,V41,2018-08-16,14:28:54.019000,R87
167,167,39289,109042,Up-sized dynamic open system,2018-08-16,14:28:38.035000,R87,,,
168,168,39773,63238,Grass-roots transitional knowledgebase,2017-01-19,16:43:49.958000,V41,,,
169,169,41925,25944,Switchable real-time orchestration,2017-08-10,14:46:00.019000,R87,,,
170,170,41925,52011,Open-source secondary system engine,2019-11-04,13:53:15.965000,R87,,,
171,171,41925,129608,Reactive foreground matrices,2019-01-04,12:59:15.965000,R87,,,
172,172,42625,588,Centralized dynamic standardization,2016-10-26,12:49:17.990000,P58,,,
173,173,42625,2095,Ameliorated static core,2016-10-26,12:49:31.987000,P58,,,
174,174,42625,31499,Fundamental multimedia concept,2016-10-26,12:49:45.984000,P58,,,
175,175,42625,103147,Seamless object-oriented attitude,2016-10-26,12:50:13.978000,P58,,,
176,176,42625,140707,Horizontal zero tolerance hub,2019-12-30,10:29:00.038000,R87,,,
177,177,43323,335,Organized 4thgeneration protocol,2016-12-05,08:15:45.965000,P58,,,
178,178,43323,62521,Upgradable value-added extranet,2016-12-05,08:16:06.010000,P58,,,
179,179,43323,64820,Optimized disintermediate array,2016-12-05,08:16:37.978000,P58,,,
180,180,43323,66781,Re-contextualized transitional solution,2016-12-05,08:16:49.987000,P58,,,
181,181,43323,95201,Upgradable motivating Graphical User Interface,2016-12-05,08:17:01.997000,P58,,,
182,182,43323,101607,Multi-layered maximized hardware,2016-12-05,08:17:17.981000,P58,,,
183,183,43541,2419,Quality-focused logistical attitude,2017-01-25,12:30:32.026000,R87,,,
184,184,43541,98009,De-engineered intangible project,2017-01-25,12:30:53.971000,R87,,,
185,185,48483,63862,Secured client-server Graphical User Interface,2017-05-09,17:17:43.987000,L07,,,
186,186,48483,78491,Open-architected radical knowledge user,2019-02-26,07:59:42,R87,2019-02-26,07:59:50.035000,R87
187,187,49819,32593,User-friendly background core,2016-11-10,08:02:39.984000,P58,,,
188,188,51790,218,Managed 6thgeneration focus group,2016-10-26,15:05:46.032000,P58,,,
189,189,51790,236,De-engineered cohesive superstructure,2016-10-26,15:05:53.981000,P58,,,
190,190,51790,316,Up-sized web-enabled policy,2016-10-26,15:06:00.029000,P58,,,
191,191,51790,4192,Sharable leadingedge framework,2016-10-26,15:06:16.013000,P58,,,
192,192,51790,5561,Cross-platform secondary superstructure,2020-04-02,07:50:57.984000,R87,,,
193,193,51790,23250,Multi-channeled user-facing product,2016-10-26,15:06:30.010000,P58,,,
194,194,51790,52267,De-engineered bifurcated strategy,2018-01-12,12:11:01.997000,P40,2018-01-12,12:11:15.994000,P40
195,195,51790,63270,Future-proofed user-facing matrices,2016-10-26,15:05:39.984000,P58,,,
196,196,51790,66846,Open-source scalable functionalities,2018-07-13,14:58:17.962000,R87,,,
197,197,51790,82003,Persevering full-range standardization,2017-04-12,11:47:15.965000,L07,,,
198,198,51790,87576,Re-engineered dynamic help-desk,2016-10-26,15:06:37.958000,P58,,,
199,199,51790,99505,Streamlined actuating knowledge user,2017-03-17,14:56:37.997000,R87,,,
200,200,52092,408,Front-line optimizing knowledge user,2017-02-01,07:57:40.003000,R87,,,
201,201,52092,63264,Function-based bandwidth-monitored moratorium,2017-02-01,07:57:52.013000,R87,,,
202,202,54056,43251,Distributed cohesive initiative,2016-10-27,08:05:02.026000,P58,,,
203,203,56358,20055,Configurable exuding help-desk,2016-11-11,09:13:43.997000,P58,,,
204,204,56358,98306,Up-sized multi-state system engine,2016-11-11,09:13:54.019000,P58,,,
205,205,56757,116890,Synergized responsive analyzer,2020-01-09,09:20:07.958000,R87,,,
206,206,56778,2540,User-centric methodical migration,2016-11-08,13:23:54.010000,P58,,,
207,207,56778,80166,Customer-focused disintermediate implementation,2016-11-08,13:24:39.974000,P58,,,
208,208,56778,107222,Digitized holistic function,2017-08-10,14:43:44.026000,R87,,,
209,209,57011,2410,Cross-group logistical synergy,2016-11-07,14:40:57.965000,P58,,,
210,210,57011,102672,Up-sized eco-centric moratorium,2017-08-10,14:13:03.965000,R87,,,
211,211,57485,279,Phased even-keeled matrices,2016-10-27,08:54:34.013000,P58,,,
212,212,57485,51792,Multi-layered neutral concept,2016-10-27,08:54:44.035000,P58,,,
213,213,57485,77117,Self-enabling full-range matrices,2019-02-27,10:43:17.990000,R87,,,
214,214,57485,95558,Integrated actuating Graphic Interface,2016-10-27,08:54:23.990000,P58,,,
215,215,57485,117305,Compatible contextually-based utilization,2019-02-27,10:43:28.013000,R87,,,
216,216,57485,139897,Managed actuating secured line,2019-11-29,11:33:03.974000,R87,,,
217,217,57904,40221,Networked context-sensitive protocol,2017-08-11,11:16:23.981000,R87,,,
218,218,57904,43860,Reactive actuating standardization,2019-09-25,11:24:34.042000,O86,,,
219,219,58975,258,Extended human-resource software,2018-11-07,14:59:16.022000,P58,,,
220,220,58975,95163,Organized 3rdgeneration Local Area Network,2018-11-07,14:59:47.990000,P58,,,
221,221,58975,95182,Networked dedicated info-mediaries,2017-01-17,11:07:02.035000,R87,,,
222,222,60574,34922,Upgradable user-facing Graphical User Interface,2016-12-07,13:21:00,P58,,,
223,223,60574,62071,Organized high-level open system,2016-12-07,13:21:17.971000,P58,,,
224,224,60574,98597,Versatile systematic policy,2016-12-07,13:21:26.006000,P58,,,
225,225,60574,134064,Enhanced impactful implementation,2019-03-08,14:10:38.035000,R87,,,
226,226,61648,69003,Customer-focused transitional synergy,2017-03-06,12:25:53.990000,R87,,,
227,227,62347,142007,User-centric mission-critical matrix,2020-03-16,12:24:58.003000,R87,,,
228,228,63220,95191,Inverse analyzing methodology,2017-08-11,10:34:03.994000,R87,,,
229,229,63220,115651,Decentralized needs-based adapter,2017-08-11,10:34:14.016000,R87,,,
230,230,63220,143570,Implemented exuding product,2020-03-27,09:11:50.035000,L28,,,
231,231,63232,62821,Adaptive optimal process improvement,2016-11-07,14:50:04.013000,L07,,,
232,232,63232,118587,Centralized regional access,2017-08-10,13:58:07.997000,R87,,,
233,233,63280,343,Ameliorated heuristic focus group,2016-11-07,14:44:59.971000,L07,,,
234,234,63280,71766,Networked eco-centric Graphic Interface,2016-11-07,14:45:22.003000,L07,,,
235,235,63280,144371,Robust neutral secured line,2020-04-21,10:35:01.968000,L28,,,
236,236,65230,65327,Optional stable open architecture,2018-08-07,09:19:49.987000,R87,,,
237,237,68860,61040,Configurable modular groupware,2017-06-05,10:52:00.019000,V41,2020-05-12,07:59:10.032000,R87
238,238,68860,86964,Configurable methodical capability,2017-06-05,10:52:24.038000,V41,2020-05-12,07:59:17.981000,R87
239,239,73190,2326,Business-focused fresh-thinking access,2019-02-13,09:28:25.968000,R87,,,
240,240,78136,373,Centralized reciprocal emulation,2019-01-16,16:29:47.990000,R87,,,
241,241,78136,786,Seamless tertiary collaboration,2016-10-27,08:48:59.990000,P58,,,
242,242,78136,38930,User-friendly cohesive application,2016-10-27,08:49:48.029000,P58,,,
243,243,88070,132362,Grass-roots empowering monitoring,2018-12-20,13:48:17.971000,L28,,,
244,244,91254,132432,Configurable 24hour concept,2019-02-27,10:36:26.035000,R87,,,
245,245,95173,14501,Re-engineered zero administration migration,2017-09-28,12:59:22.013000,L28,,,
246,246,95173,121245,Down-sized content-based structure,2017-09-12,09:26:37.968000,R87,,,
247,247,95411,114859,Networked foreground focus group,2019-02-26,09:40:57.994000,R87,,,
248,248,97942,21905,Organized multi-tasking attitude,2017-06-28,08:55:38.035000,V41,,,
249,249,97942,92017,Fully-configurable leadingedge synergy,2017-06-28,08:56:20.026000,V41,,,
250,250,108012,12048,Total global Local Area Network,2016-11-07,14:39:30.010000,P58,,,
251,251,108012,86237,Configurable motivating model,2017-08-10,14:10:40.022000,R87,,,
252,252,126414,965,Operative mission-critical hardware,2018-11-07,14:57:14.026000,P58,,,
253,253,126414,2823,Up-sized value-added core,2018-11-07,14:55:33.974000,P58,,,
254,254,126414,5761,Managed intangible matrices,2018-11-07,14:56:06.029000,P58,,,
255,255,126414,46232,Reverse-engineered systematic artificial intelligence,2018-11-07,14:56:34.022000,P58,,,
256,256,129015,59341,Face-to-face value-added array,2020-06-11,11:55:31.987000,R87,,,
257,257,129015,144166,Configurable directional monitoring,2020-06-11,11:55:17.990000,R87,,,
258,258,137520,108223,Polarized intermediate core,2020-01-30,16:06:51.984000,O36,,,
259,259,142303,106041,Digitized radical algorithm,2020-02-19,08:56:22.013000,R87,,,
