,rct,Create,at,by,Modify,at.1,by.1,Panel No,Surname,Forename,Inits,Title,AKA Name,Type,Status,Email,Mobile,Telephone,Day Tele,Fax,Adrs1,Adrs2,Adrs3,Adrs4,Adrs5,Postcode,DX No,DX Exchange,Addr Type,Appoint Date,Removal Date,Category,Urlnode,Removal,Old Categ
0,0,2011-03-23,14:58:17.962000,C79,2015-05-30,07:12:10.022000,B37,1,Taylor,Denis,D,Dr.,Denis,,89,mitchellrogers@hotmail.com,+44117 4960505,+44117 4960505,+44117 4960505,,Studio 3,Turnbull shores,Frankchester,DD0H 1QR,,N68 3YQ,124490.0,PORTSMOUTH 9,P,2011-04-01,2015-05-30,Green,3716532,5,
1,1,2011-03-25,14:01:03.994000,S05,2015-05-30,07:14:00.010000,B37,2,Bishop,Derek,D,Miss,Derek,,89,gregory45@mills.com,+44(0)116 4960794,+44(0)116 4960794,+44(0)116 4960794,,Studio 24y,Terry streets,South Bryanfurt,W1G 7TH,,E27 4JQ,60501.0,MIDDLESBROUGH,P,2011-04-01,2015-05-30,Green,3716593,5,
2,2,2011-03-25,14:04:01.978000,P53,2015-05-30,07:15:39.974000,B37,3,McKenzie,Sophie,S,Mrs.,Sophie,,89,junewilliams@begum.info,+441414960459,+441414960459,+441414960459,,Studio 30,Olivia glens,Abbieton,E6 4JZ,,PO5 0LY,14360.0,MANCHESTER,P,2011-04-01,2015-05-30,Green,3717346,5,
3,3,2011-03-25,14:43:32.016000,S05,2014-04-01,12:00:31.968000,B65,4,Jones,Josephine,J,Dr.,Josephine,,89,stuarttaylor@gmail.co.uk,(0808)1570130,(0808)1570130,(0808)1570130,,Studio 58U,Clarke hills,West Julie,CA8 0PQ,,DH5B 1FH,,,P,2011-04-01,2014-04-01,Red,3717388,5,
4,4,2011-03-25,15:08:30.019000,S05,2015-05-30,07:16:40.022000,B37,5,Graham,Dennis,D,Mr.,Dennis,,89,stevensfrancesca@yahoo.co.uk,020 74960765,020 74960765,020 74960765,,Studio 8,Wood path,Thompsonside,L0 3YU,,S5 2YS,6216.0,SWINDON,P,2011-04-01,2015-05-30,Green,3717419,5,
5,5,2011-03-25,15:59:06.029000,S05,2015-06-01,13:53:29.962000,P14,6,Thomas,Tony,T,Mrs.,Tony,,89,lisawood@baker.org,0191 4960069,0191 4960069,0191 4960069,,Flat 5,Rhys drive,South Aimeeside,HR89 3WY,,EH5A 0FJ,716006.0,BEDFORD 5,P,2011-04-01,2015-05-30,Green,3717547,5,
6,6,2011-03-26,07:34:35.962000,V13,2015-05-30,07:17:46.032000,B37,7,Williams,Arthur,A,Miss,Arthur,,89,forddenis@hotmail.com,+44114 4960200,+44114 4960200,+44114 4960200,,283 Julia pass,Joeville,G37 4RH,,,N04 1QL,59204.0,TORQUAY 2,P,2011-04-01,2015-05-30,Green,3717661,5,
7,7,2011-03-26,07:54:31.997000,S05,2016-02-10,10:08:51.994000,B18,8,Willis,Allan,A,Dr.,Allan,,89,jwood@booth.com,(0113) 4960385,(0113) 4960385,(0113) 4960385,,Flat 31,Greenwood spur,Christianton,TF1 2DW,,SE9 9LJ,54.0,LONDON/CHANCERY LN,P,2011-04-01,2015-05-30,Red,3717689,5,
8,8,2011-03-26,07:56:18.010000,P12,2015-05-30,07:19:29.971000,B37,9,Harrison,Vincent,V,Mr.,Vincent,,89,rogermyers@lee-hill.co.uk,028 9018 0339,028 9018 0339,028 9018 0339,,Studio 36B,Brian lake,Marianbury,B25 1XL,,W7 8JZ,3601.0,COLCHESTER,P,2011-04-01,2015-05-30,Green,3717610,5,
9,9,2011-03-26,08:00:23.990000,B52,2015-05-30,07:21:55.987000,B37,10,Newton,Julia,J,Mrs.,Julia,,89,hmiles@lawrence-morris.com,+44(0)117 4960253,+44(0)117 4960253,+44(0)117 4960253,,Flat 6,Brenda light,North Katiemouth,LD5P 3ED,,L2K 4QR,8206.0,PLYMOUTH,P,2011-04-01,2015-05-30,Green,3717719,5,
10,10,2011-03-26,08:12:02.016000,C79,2014-04-01,12:03:53.971000,B65,11,Williams,Donald,D,Ms.,Donald,,89,staylor@wallis.com,+44(0)909 879 0369,+44(0)909 879 0369,+44(0)909 879 0369,,737 Moore gardens,West Stephanie,WS3 2UN,,,AL8 5SG,,,O,2011-04-01,2014-04-01,Red,3717946,5,
11,11,2011-03-26,08:29:39.984000,P53,2015-05-30,07:21:27.994000,B37,12,Farmer,Linda,L,Mr.,Linda,,89,julianreid@shaw-smith.net,+44(0)115 496 0693,+44(0)115 496 0693,+44(0)115 496 0693,,Studio 75P,Marcus falls,Lake Jillfurt,W8G 4JF,,CT62 0UQ,136816.0,HAVERFORDWEST,P,2011-04-01,2015-05-30,Green,3717961,5,
12,12,2011-03-26,08:44:40.013000,S05,2015-05-30,07:23:52.022000,B37,13,Reed,Sandra,S,Dr.,Sandra,,89,tbrennan@hotmail.com,(029) 2018732,(029) 2018732,(029) 2018732,,Studio 69,Ford views,Westonhaven,PE0P 4UA,,TR6 8BJ,730000.0,LEEDS 70,P,2011-04-01,2015-05-30,Green,3717794,5,
13,13,2011-03-26,08:47:51.994000,L02,2015-05-30,07:24:13.968000,B37,14,Jones,Debra,D,Ms.,Debra,,89,shortjordan@andrews.info,(0306) 9990792,(0306) 9990792,(0306) 9990792,,Studio 1,Eleanor springs,South Geraldine,M12 1QY,,CB1V 4DA,713290.0,PRESTON 11,P,2011-04-01,2015-05-30,Amber,3718004,5,
14,14,2011-03-26,09:19:02.035000,V13,2015-05-30,07:24:37.987000,B37,15,Shaw,Rita,R,Ms.,Rita,,89,geoffrey17@yahoo.com,+4429 2018 0050,+4429 2018 0050,+4429 2018 0050,,3 Joyce ports,McLeanville,M69 6WY,,,OX5 2HN,200754.0,CARDIFF BAY,P,2011-04-01,2015-05-30,Green,3717910,5,
15,15,2011-03-26,09:22:26.026000,S05,2014-04-01,12:01:02.035000,B65,16,Nicholls,George,G,Dr.,George,,89,robin63@page-hutchinson.net,+441154960689,+441154960689,+441154960689,,Studio 3,Dawn estates,Mellorside,M86 3XJ,,TD8 2PJ,31250.0,NORTH WALSHAM,P,2011-04-01,2014-04-01,Red,3717926,5,
16,16,2011-03-26,09:45:40.003000,P53,2015-05-30,07:25:16.003000,B37,17,Johnson,Trevor,T,Mr.,Trevor,,89,hartjenna@gmail.co.uk,(0114)4960593,(0114)4960593,(0114)4960593,,Flat 2,Palmer valley,Lake Bruce,NR3 6FW,,EX7 1UU,3605.0,COLCHESTER,P,2011-04-01,2015-05-30,Green,3718045,5,
17,17,2011-03-26,09:59:04.042000,B52,2015-05-30,07:25:40.022000,B37,18,Edwards,Jason,J,Mr.,Jason,,89,tcook@warren.org,+44(0)1314960178,+44(0)1314960178,+44(0)1314960178,,Flat 4,Alex motorway,Lloydmouth,E3 5XN,,CR8B 9EB,53309.0,CLERKENWELL,P,2011-04-01,2015-05-30,Green,3718168,5,
18,18,2011-03-26,10:04:25.968000,S05,2012-02-27,10:27:05.990000,B84,19,Hamilton,Ricky,R,Mr.,Ricky,,89,daleoneill@yahoo.com,(0115) 496 0762,(0115) 496 0762,(0115) 496 0762,,Studio 8,Welch course,Hughesbury,PR2 6DF,,IP4W 8LU,,,P,2011-04-01,2012-02-02,Red,3718091,2,
19,19,2011-03-26,10:11:14.035000,P12,2015-05-30,07:26:20.026000,B37,20,Lee,Georgia,G,Dr.,Georgia,,89,ashleigh51@hotmail.com,+443069990495,+443069990495,+443069990495,,Studio 49,Gilbert forest,Hazelfort,PO2M 1SW,,S2C 1TP,57600.0,HORSHAM,P,2011-04-01,2015-05-30,Green,3718305,5,
20,20,2011-03-26,10:16:28.013000,R84,2015-05-30,07:27:00.029000,B37,21,Simpson,Timothy,T,Mr.,Timothy,,89,gregorywilliams@gmail.co.uk,(0191) 496 0561,(0191) 496 0561,(0191) 496 0561,,Studio 5,Nicole curve,Fishertown,G6W 9HE,,M61 4TG,727902.0,NEWCASTLE U TYNE 28,P,2011-04-01,2015-05-30,Green,3718320,5,
21,21,2011-03-26,10:16:33.974000,C79,2015-05-30,07:27:30.010000,B37,22,Foster,Clifford,C,Mr.,Clifford,,89,robinsonrosie@naylor.info,01154960149,01154960149,01154960149,,Studio 93t,Danny shoal,Lake Dean,L5J 8UA,,S2G 3PF,,,P,2011-04-01,2015-05-30,Amber,3718376,5,
22,22,2011-03-26,11:11:06.029000,P12,2015-05-30,07:27:56.016000,B37,23,Cook,Francis,F,Mr.,Francis,,89,alexandrapreston@davies-morley.com,(0113)4960156,(0113)4960156,(0113)4960156,,9 Amber turnpike,Williamsmouth,JE2 8HN,,,TN0 3GX,17856.0,BIRKENHEAD,P,2011-04-01,2015-05-30,Amber,3718492,5,
23,23,2011-03-26,11:11:15.965000,P53,2015-05-30,07:28:22.022000,B37,24,Brown,Elliot,E,Ms.,Elliot,,89,richardwatts@brown.org,0191 4960105,0191 4960105,0191 4960105,,23 Kim burgs,West Stacey,S8T 5FU,,,G67 7TR,52858.0,LEIGH ON SEA,P,2011-04-01,2015-05-30,Green,3718507,5,
24,24,2011-03-26,11:18:22.003000,L02,2015-05-30,07:28:50.016000,B37,25,Morrison,Rosemary,R,Mrs.,Rosemary,,89,ymason@vaughan.org,0117 4960095,0117 4960095,0117 4960095,,8 Amy passage,South Iainmouth,OL73 5ZX,,,E19 1TY,25616.0,ASHTON UNDER LYNE,P,2011-04-01,2015-05-30,Green,3718595,5,
25,25,2011-03-26,11:56:29.962000,V13,2015-05-30,07:29:25.958000,B37,26,Turner,Annette,A,Dr.,Annette,,89,wobrien@edwards.co.uk,(020)74960143,(020)74960143,(020)74960143,,Flat 26,Paige summit,Shawland,SE3 9SB,,L5G 3RY,,,P,2011-04-01,2015-05-30,Green,3718611,5,
26,26,2011-03-26,12:26:28.032000,P53,2015-09-18,16:52:38.035000,P14,27,Barton,Janice,J,Dr.,Janice,,89,pagelynne@hotmail.co.uk,+441632 960186,+441632 960186,+441632 960186,,Studio 48,Jeremy view,Donaldtown,BN1B 8RS,,BS5 5AJ,711490.0,LLANRWST,P,2011-04-01,2015-05-30,Green,3718449,5,
27,27,2011-03-26,12:44:09.974000,P12,2015-05-30,07:30:54,B37,28,Wood,Albert,A,Mrs.,Albert,,89,uoconnor@jenkins.com,01914960816,01914960816,01914960816,,Studio 1,Barber passage,Jasmineberg,E7W 8YP,,W6 3UX,3914.0,TUNBRIDGE WELLS,P,2011-04-01,2015-05-30,Green,3718572,5,
28,28,2011-03-26,13:10:55.978000,C79,2015-05-30,07:31:13.958000,B37,29,Gibson,Bethany,B,Dr.,Bethany,,89,paula24@houghton-barnes.net,0116 496 0656,0116 496 0656,0116 496 0656,,2 Jemma circle,East Richard,CH4 5QA,,,W2H 3ZB,19.0,LONDON/CHANCERY LN,P,2011-04-01,2015-03-31,Red,3718820,5,
29,29,2011-03-26,14:10:56.006000,R84,2015-05-30,07:31:46.013000,B37,30,Williams,Phillip,P,Mr.,Phillip,,89,lindseystewart@hill-warren.com,0306 999 0230,0306 999 0230,0306 999 0230,,Flat 35A,Phillip estate,Caroletown,B5 6ZP,,S27 8RY,78247.0,BRISTOL,P,2011-04-01,2015-05-30,Green,3718693,5,
30,30,2011-03-26,14:14:51.965000,V13,2015-06-30,10:22:49.987000,P36,31,Rees,Sylvia,S,Mr.,Sylvia,,89,johnsonadam@yahoo.co.uk,(0151) 496 0242,(0151) 496 0242,(0151) 496 0242,,77 Taylor point,Byrneberg,L6 5NJ,,,KY84 7TT,12125.0,WALSALL,P,2011-04-01,2015-05-30,Blue,3718714,5,
31,31,2011-03-26,14:40:06.038000,B52,2015-07-15,11:17:54.010000,V02,32,Turnbull,Graeme,G,Dr.,Graeme,,89,ruth31@yahoo.com,(0151)4960374,(0151)4960374,(0151)4960374,,800 Nathan parkways,Hudsonside,PO9B 7ST,,,CO6E 5TX,5806.0,CAMBRIDGE,P,2011-04-01,2015-05-30,Red,3718727,5,
32,32,2011-03-28,08:42:52.013000,S05,2015-05-30,07:33:34.013000,B37,33,Kennedy,Wendy,W,Ms.,Wendy,,89,johnsonfrank@yahoo.co.uk,+44(0)121 4960942,+44(0)121 4960942,+44(0)121 4960942,,Studio 09Q,Murray landing,Port Laurenhaven,SL0 2UP,,N07 6PX,161380.0,HAMMERSMITH 10,P,2011-04-01,2015-05-30,Green,3718742,5,
33,33,2011-03-28,08:51:55.987000,S05,2015-05-30,07:34:02.006000,B37,34,Parry,Elizabeth,E,Mr.,Elizabeth,,89,abduldavies@clark.org,0113 4960799,0113 4960799,0113 4960799,,Studio 59,Elliot summit,Port Russell,E8H 3RJ,,M94 0BY,118102.0,PLYMOUTH 2,P,2011-04-01,2015-05-30,Green,3718757,5,
34,34,2011-03-28,09:00:12.010000,S05,2020-06-05,15:11:22.042000,C37,35,Cook,Rachael,R,Mrs.,Rachael,,89,johngibson@birch.net,+44(0)131 4960571,+44(0)131 4960571,+44(0)131 4960571,,Studio 84,Jason trail,Frankton,TS6 9AP,,HU3 5ZW,10527.0,SHEFFIELD,P,2011-04-01,2015-05-30,Red,3719012,5,
35,35,2011-03-28,09:11:07.958000,S05,2015-05-30,07:34:43.997000,B37,36,Russell,Jeremy,J,Ms.,Jeremy,,89,erogers@wall-harper.com,01614960490,01614960490,01614960490,,38 Sharp walks,New Heathershire,G7 7JT,,,NE2 8HT,719421.0,STOCKPORT 7,P,2011-04-01,2015-03-31,Red,3719099,5,
36,36,2011-03-28,09:25:50.016000,S05,2015-05-30,07:35:18.038000,B37,37,Lord,Martyn,M,Ms.,Martyn,,89,kwilson@chapman.net,(0117) 4960732,(0117) 4960732,(0117) 4960732,,Studio 2,Robinson falls,Annettemouth,E4U 7DY,,SW6H 8QU,744230.0,SPALDING 6,P,2011-04-01,2015-05-30,Green,3719130,5,
37,37,2011-03-28,09:55:49.987000,S05,2013-08-30,12:03:01.958000,B65,38,Wright,Christopher,C,Mr.,Christopher,,89,smorgan@armstrong-smith.net,(028) 9018400,(028) 9018400,(028) 9018400,,5 Quinn drives,Evansside,SR5 3BW,,,S1 7SW,82804.0,SWANSEA 2,P,2011-04-01,2013-03-31,Red,3719163,3,
38,38,2011-03-28,10:02:46.003000,S05,2015-05-30,07:35:58.042000,B37,39,Sharp,Ryan,R,Dr.,Ryan,,89,samanthatucker@williams.net,(0116) 496 0458,(0116) 496 0458,(0116) 496 0458,,58 Brett ferry,East Samuelside,SP7 8DN,,,TS6 1AB,,,P,2011-04-01,2015-05-30,Green,3719077,5,
39,39,2011-03-28,10:10:29.971000,S05,2015-05-30,07:36:23.962000,B37,40,Holland,Josephine,J,Mr.,Josephine,,89,gordon62@wilson-bennett.info,01314960098,01314960098,01314960098,,Studio 83T,Tracy highway,New Josephine,NP1 1UZ,,N9T 6YR,,,P,2011-04-01,2015-05-30,Green,3719193,5,
40,40,2011-03-28,10:18:19.987000,S05,2015-05-30,07:36:54.029000,B37,41,Barker,Simon,S,Dr.,Simon,,89,grahamryan@gmail.co.uk,+449098790013,+449098790013,+449098790013,,9 Rachel plains,South Lynn,E4 7LU,,,M84 9QE,4008.0,READING,P,2011-04-01,2015-05-30,Green,3719310,5,
41,41,2011-03-28,10:26:29.962000,S05,2015-05-30,07:37:17.962000,B37,42,Atkinson,Lynn,L,Dr.,Lynn,,89,fletchertracy@smith.com,+44808 1570583,+44808 1570583,+44808 1570583,,45 Allen stream,Margaretshire,L2J 6PZ,,,FK52 0TD,12901.0,CORBY,P,2011-04-01,2015-05-30,Green,3719279,5,
42,42,2011-03-28,10:38:23.971000,S05,2015-05-30,07:37:46.042000,B37,43,Smith,Christopher,C,Mr.,Christopher,,89,christopherwhite@scott-evans.co.uk,(0909) 8790617,(0909) 8790617,(0909) 8790617,,2 Bennett meadows,Zoehaven,E0A 1EB,,,BS0 1AB,57657.0,HARLESDEN,P,2011-04-01,2015-05-30,Green,3719439,5,
43,43,2011-03-28,10:48:40.003000,S05,2015-05-30,07:38:06,B37,44,Holloway,Joanna,J,Mr.,Joanna,,89,oliviasimpson@whitehead.com,+44117 496 0098,+44117 496 0098,+44117 496 0098,,Flat 19,Howell club,Archerfort,L1J 4RY,,ZE0 1TW,57657.0,HARLESDEN,P,2011-04-01,2015-05-30,Green,3719462,5,
44,44,2011-03-28,11:00:09.994000,S05,2014-04-01,12:01:37.978000,B65,45,Kennedy,Rita,R,Mrs.,Rita,,89,samedwards@humphries-parkin.com,+44121 4960974,+44121 4960974,+44121 4960974,,Studio 58l,Dorothy lock,Crossberg,W31 1UP,,G8K 2JQ,26427.0,LEEDS PARK SQUARE,P,2011-04-01,2014-04-01,Red,3719492,5,
45,45,2011-03-28,11:08:31.978000,S05,2015-05-30,07:38:30.019000,B37,46,Marshall,Dylan,D,Dr.,Dylan,,89,zbuckley@hotmail.co.uk,+44(0)114 4960196,+44(0)114 4960196,+44(0)114 4960196,,074 Beverley springs,North Jayneborough,W29 1TR,,,E1 4SH,26427.0,LEEDS PARK SQUARE,P,2011-04-01,2015-03-31,Red,3719639,5,
46,46,2011-03-28,11:15:15.984000,S05,2015-05-30,07:39:05.962000,B37,47,Jenkins,Rosie,R,Dr.,Rosie,,89,pjennings@gmail.co.uk,+44161 496 0630,+44161 496 0630,+44161 496 0630,,Studio 47,Dobson mountains,New Beverley,B1 8TW,,CH1 1SB,727902.0,NEWCASTLE U TYNE 28,P,2011-04-01,2015-05-30,Green,3719688,5,
47,47,2011-03-28,11:27:39.974000,S05,2015-05-30,07:39:29.981000,B37,48,Dixon,Simon,S,Mr.,Simon,,89,phillipsryan@yahoo.co.uk,0117 496 0821,0117 496 0821,0117 496 0821,,48 Janet villages,Leighchester,PE2 2PW,,,SK65 9GS,39915.0,LONDON BRIDGE SOUTH,P,2011-04-01,2015-05-30,Green,3719858,5,
48,48,2011-03-28,11:35:07.958000,S05,2015-05-30,07:40:18.019000,B37,49,Smith,Beverley,B,Miss,Beverley,,89,colin12@hotmail.com,+44(0)1414960268,+44(0)1414960268,+44(0)1414960268,,Flat 1,Thornton bypass,East Vincentburgh,N2J 5DP,,RM0 2YR,19990.0,CHESTER,P,2011-04-01,2015-05-30,Blue,3719796,5,
49,49,2011-03-28,11:45:23.990000,S05,2015-05-30,07:41:07.958000,B37,50,Wright,Nicholas,N,Dr.,Nicholas,,89,jay09@stephenson.com,01164960384,01164960384,01164960384,01708 784 001,Studio 78b,Stone lake,Whiteheadfort,L6C 9YF,,SW6 8FQ,138126.0,ROMFORD 4,P,2011-04-01,2015-05-30,Green,3720016,5,
50,50,2011-03-29,09:10:11.971000,S05,2015-05-30,07:41:38.026000,B37,51,Lynch,Mathew,M,Mr.,Mathew,,89,brownkimberley@jones-thomas.com,+44(0)1314960882,+44(0)1314960882,+44(0)1314960882,0121 733 3322,6 Scott view,Michaelside,SM6 0BJ,,,B3K 4UZ,20652.0,SHIRLEY,P,2011-04-01,2015-05-30,Green,3719947,5,
51,51,2011-03-29,09:20:22.042000,S05,2015-05-30,07:44:22.013000,B37,52,Hooper,Raymond,R,Mr.,Raymond,,89,lewisdanielle@yahoo.com,+44(0)117 496 0185,+44(0)117 496 0185,+44(0)117 496 0185,0121 733 3322,09 Anderson islands,West Justin,N73 6ZU,,,L9H 2HG,20652.0,SHIRLEY,P,2011-04-01,2015-05-30,Green,3719963,5,
52,52,2011-03-29,09:37:39.965000,S05,2015-05-30,07:45:02.016000,B37,53,Lawrence,Alexander,A,Dr.,Alexander,,89,leanne82@howard.com,+44(0)131 496 0109,+44(0)131 496 0109,+44(0)131 496 0109,020 8669 1533,45 Adrian lights,Smithshire,ME7 9US,,,N9J 4TJ,59958.0,WALLINGTON,P,2011-04-01,2015-05-30,Green,3720140,5,
53,53,2011-03-29,09:47:10.032000,S05,2015-05-30,07:45:30.010000,B37,54,Wilkins,Lucy,L,Dr.,Lucy,,89,kmartin@gmail.com,+44(0)114 4960891,+44(0)114 4960891,+44(0)114 4960891,,Flat 09,White lights,North Mohammadtown,ST9W 0JL,,SW5N 2TR,823.0,LONDON/CITY,P,2011-04-01,2015-05-30,Green,3719997,5,
54,54,2011-03-29,09:58:16.003000,S05,2015-05-30,07:45:54.029000,B37,55,Davies,Mohammad,M,Ms.,Mohammad,,89,garryallan@hewitt-parkin.com,+44(0)141 4960734,+44(0)141 4960734,+44(0)141 4960734,01564 794 821,Flat 47a,Bethany lakes,Port Gavin,B03 4WA,,S0G 3SB,28131.0,HENLEY IN ARDEN,P,2011-04-01,2015-05-30,Green,3720012,5,
55,55,2011-03-29,10:07:10.042000,S05,2015-05-30,07:46:17.962000,B37,56,Parkinson,Jeffrey,J,Mr.,Jeffrey,,89,roger97@joyce-taylor.com,+44(0)1174960473,+44(0)1174960473,+44(0)1174960473,01789 268 093,Studio 2,Frederick trafficway,Port Irene,IV5Y 5RF,,E50 9TR,16201.0,STRATFORD UPON AVON,P,2011-04-01,2015-05-30,Green,3720187,5,
56,56,2011-03-29,10:14:52.022000,S05,2015-05-30,07:46:48.029000,B37,57,Martin,Ross,R,Mr.,Ross,,89,leighgray@forster.org,0117 496 0247,0117 496 0247,0117 496 0247,,5 Margaret oval,New Paul,M26 6WH,,,M37 4UQ,30300.0,CHICHESTER,P,2011-04-01,2015-05-30,Red,3720115,5,
57,57,2011-03-29,10:39:52.013000,S05,2015-05-30,07:47:21.984000,B37,58,Barnes,Carole,C,Dr.,Carole,,89,fletcherjames@gmail.com,(0306) 999 0029,(0306) 999 0029,(0306) 999 0029,,313 Power prairie,Gavinchester,L44 7SS,,,S6S 7HR,5301.0,CANTERBURY,P,2011-04-01,2015-05-30,Amber,3720431,5,
58,58,2011-03-29,10:46:15.974000,S05,2015-05-30,07:47:46.003000,B37,59,Harris,Dorothy,D,Mr.,Dorothy,,89,mpearson@smith.org,(0115) 496 0376,(0115) 496 0376,(0115) 496 0376,01622 656 690,37 Smith inlet,Lake Jason,AL5 0XS,,,BN9 9JX,153420.0,MAIDSTONE 18,P,2011-04-01,2015-05-30,Green,3720354,5,
59,59,2011-03-29,10:57:00,S05,2015-05-30,07:48:13.997000,B37,60,Williams,David,D,Dr.,David,,89,samanthahart@jackson-robinson.info,+44(0)28 9018 0005,+44(0)28 9018 0005,+44(0)28 9018 0005,08456 381 391,Studio 44,Dunn junctions,Port Julia,L0 8SQ,,SL6N 2HW,50302.0,CHESHAM,P,2011-04-01,2015-05-30,Green,3720489,5,
60,60,2011-03-29,11:15:34.042000,S05,2015-05-30,07:48:40.003000,B37,61,Stephenson,Mohammed,M,Mrs.,Mohammed,,89,samuel66@gmail.co.uk,0115 496 0278,0115 496 0278,0115 496 0278,0161 832 1981,Flat 62,Ahmed lights,Owenmouth,TN0 3UP,,GY4E 9RR,14364.0,MANCHESTER,P,2011-04-01,2015-05-30,Green,3720656,5,
61,61,2011-03-29,11:34:46.013000,S05,2015-05-30,07:49:11.971000,B37,62,Woods,Trevor,T,Miss,Trevor,,89,woodwayne@gmail.co.uk,01514960549,01514960549,01514960549,0207 404 0208,8 Whitehead course,Sophieland,S9 8FJ,,,G01 2AP,87.0,LONDON/CHANCERY LN,O,2011-04-01,2015-05-30,Amber,3720600,5,
62,62,2011-03-29,11:44:22.042000,S05,2015-05-30,07:49:39.965000,B37,63,Harris,Patrick,P,Ms.,Patrick,,89,frederick30@hotmail.co.uk,+44114 496 0392,+44114 496 0392,+44114 496 0392,01256 479 425,840 Willis villages,East Bernardfurt,DA63 2TR,,,N7F 5FP,148600.0,BASINGSTOKE 21,O,2011-04-01,2015-05-30,Amber,3720622,5,
63,63,2011-03-29,11:54:58.032000,S05,2015-05-30,07:50:05.971000,B37,64,Green,Shane,S,Mr.,Shane,,89,kgilbert@hotmail.com,028 9018632,028 9018632,028 9018632,03700 863 001,Flat 06,Hunt drives,Littlebury,M4A 4YQ,,NE98 7EE,729360.0,MILTON KEYNES 15,P,2011-04-01,2015-05-30,Green,3720745,5,
64,64,2011-03-29,12:48:37.987000,S05,2015-05-30,07:50:43.987000,B37,65,Dodd,Norman,N,Dr.,Norman,,89,smithclifford@mistry-young.org,+44161 496 0446,+44161 496 0446,+44161 496 0446,01494 773 951,994 Hutchinson knoll,New Deborahborough,NR09 3DL,,,SW4W 4EY,50302.0,CHESHAM,P,2011-04-01,2015-05-30,Green,3720726,5,
65,65,2015-05-07,13:55:12,B37,2019-08-13,16:37:17.962000,C37,100,Tucker,Mohamed,M,Mrs.,Mohamed,,1,colejacqueline@hotmail.co.uk,+442074960139,+442074960139,+442074960139,,5 Armstrong trafficway,West Edward,S6T 1XZ,,,SW0W 1XD,,,P,2015-05-07,,Green,36342191,0,
66,66,2015-05-23,07:21:52.013000,B37,2015-06-03,11:46:05.981000,P14,101,Doherty,Kathryn,K,Dr.,Kathryn,,1,hayeslee@hotmail.com,08081570171,08081570171,08081570171,,Studio 9,Lewis lights,Raymondshire,MK47 8SU,,W5B 1FY,,,P,2015-05-23,,Green,36323056,0,
67,67,2015-05-23,07:25:10.042000,B36,2019-02-19,16:18:21.974000,R10,102,Webb,Molly,M,Ms.,Molly,,1,lgreen@gmail.com,0141 4960596,0141 4960596,0141 4960596,,341 Griffiths port,Lake Pamela,N1 5SA,,,BA50 0YD,,,P,2015-05-23,,Amber,36115302,0,
68,68,2015-05-23,07:28:06.038000,P80,2019-08-13,16:32:24.029000,C37,103,McLean,Diane,D,Mr.,Diane,,89,kathleenwilson@hotmail.co.uk,+441314960242,+441314960242,+441314960242,,659 Fletcher coves,Douglastown,HX84 7YJ,,,L6K 5UE,,,P,2015-05-23,,Green,36342291,0,
69,69,2015-05-23,07:41:22.042000,B36,2015-05-30,09:17:21.984000,B37,104,Reynolds,Mohammed,M,Dr.,Mohammed,,1,ian76@yahoo.co.uk,01214960462,01214960462,01214960462,,64 Riley fall,Connorview,G41 0EZ,,,M3G 6UJ,,,P,2015-05-23,,Green,36087561,0,
70,70,2015-05-23,07:42:04.032000,B37,2019-03-26,11:28:28.013000,P36,105,Morris,Edward,E,Dr.,Edward,,1,jacob34@yahoo.com,+44118 496 0282,+44118 496 0282,+44118 496 0282,,66 Baker harbors,Grahamtown,B4J 7UN,,,B45 3NL,,,P,2015-05-23,,Green,36085082,0,
71,71,2015-05-23,07:55:36.019000,B36,2019-10-14,10:02:00.038000,C37,107,O'Neill,Declan,D,Ms.,Declan,,1,abaxter@payne-marshall.co.uk,(0141) 496 0957,(0141) 496 0957,(0141) 496 0957,,9 David groves,North Ruthfurt,S9J 9ZJ,,,W3S 6BL,,,P,2015-05-23,,Red,36086620,0,
72,72,2015-05-23,07:59:01.997000,B37,2016-07-12,15:57:06.019000,P14,108,Smith,Kathryn,K,Mr.,Kathryn,,1,mohamed20@stewart-lawson.com,0151 496 0898,0151 496 0898,0151 496 0898,,Studio 6,Denis gardens,Beverleyside,PA8A 8XR,,TS1 5HW,,,P,2015-05-23,,Green,36085092,0,
73,73,2015-05-23,08:01:49.958000,B36,2019-07-25,10:54:28.022000,R10,109,Johnston,Mandy,M,Ms.,Mandy,,1,qedwards@wade-john.com,+44191 496 0579,+44191 496 0579,+44191 496 0579,,Studio 0,Johnson villages,Port Danny,N40 6EW,,G19 4SB,,,P,2015-05-23,,Green,36085096,0,
74,74,2015-05-23,08:14:42.029000,P80,2016-12-06,17:05:25.958000,P14,110,Clark,Vincent,V,Dr.,Vincent,,88,fbrown@hotmail.co.uk,+441632960505,+441632960505,+441632960505,,Flat 68,Marie estate,West Ann,N6 5WG,,N70 9UG,,,P,2015-05-23,2015-07-10,Red,36086632,3,
75,75,2015-05-23,08:19:31.987000,B36,2019-08-13,16:29:06,C37,111,Evans,Brian,B,Dr.,Brian,,89,catherine74@yahoo.co.uk,+44(0)118 4960567,+44(0)118 4960567,+44(0)118 4960567,,711 Frances curve,Ballfort,B3 9WS,,,PA9 5GJ,,,O,2015-05-23,2019-01-02,Red,36087678,3,
76,76,2015-05-23,08:19:59.981000,B37,2019-01-14,11:28:43.997000,S79,112,Whitehouse,Margaret,M,Ms.,Margaret,,1,annettebradley@waters.net,0118 496 0254,0118 496 0254,0118 496 0254,,0 Nathan village,Port Hazelton,HR42 4YN,,,B3C 5EY,,,P,2015-05-23,,Green,36087586,0,
77,77,2015-05-23,08:26:43.987000,B36,2017-04-25,14:19:16.003000,P14,113,Gallagher,Ashley,A,Dr.,Ashley,,1,fhoward@hotmail.com,(0161) 4960778,(0161) 4960778,(0161) 4960778,,42 Patricia brook,East Tomchester,N4W 8AR,,,E17 6EN,,,P,2015-05-23,,Green,36086642,0,
78,78,2015-05-23,08:28:45.984000,B37,2019-08-13,16:46:57.965000,C37,114,Reed,Luke,L,Ms.,Luke,,1,walkerluke@gmail.co.uk,+44(0)141 496 0860,+44(0)141 496 0860,+44(0)141 496 0860,,13 Roberts freeway,Donnaberg,L64 9SY,,,B4 9HX,,,P,2015-05-23,,Green,36086645,0,
79,79,2015-05-23,08:37:54.019000,P80,2020-06-15,12:40:16.003000,C37,115,Chan,Karl,K,Ms.,Karl,,88,diane33@hotmail.co.uk,01514960612,01514960612,01514960612,,Studio 3,Harding circles,South Francesca,L41 9GU,,SW83 4BS,,,P,2015-05-23,,Red,36342295,0,
80,80,2015-05-23,08:41:07.987000,B36,2015-12-11,11:28:47.971000,P80,116,Hewitt,Jemma,J,Mrs.,Jemma,,1,fletcherannette@yahoo.com,+44289018224,+44289018224,+44289018224,,83 Wilkinson circles,North Stephanieberg,SL7 8YR,,,LE33 8TR,,,P,2015-05-23,,Green,36087696,0,
81,81,2015-05-23,08:45:55.958000,B37,2016-04-05,15:55:51.974000,P14,117,Coleman,Simon,S,Ms.,Simon,,1,adriantaylor@burrows.com,+44141 496 0756,+44141 496 0756,+44141 496 0756,,Studio 3,Smith lodge,Lake Debra,L5G 7QY,,WF0V 5TR,,,P,2015-05-23,,Green,36087700,0,
82,82,2015-05-23,08:49:06.038000,P80,2017-02-02,10:39:52.013000,P14,118,Cook,Amanda,A,Miss,Amanda,,91,jay38@newton.info,(0151) 4960615,(0151) 4960615,(0151) 4960615,,Studio 52,Barlow forks,East Joshua,DE7 6PP,,L5 3PP,,,P,2015-05-23,2016-12-02,Red,36086661,3,
83,83,2015-05-23,08:50:30.019000,B36,2015-09-28,13:04:13.958000,P14,119,Lewis,Debra,D,Mr.,Debra,,1,sharon20@yahoo.com,+44(0)141 496 0427,+44(0)141 496 0427,+44(0)141 496 0427,,Studio 17,Hill stravenue,Gregoryhaven,TA73 2YD,,WV02 9AD,,,P,2015-05-23,,Green,36087707,0,
84,84,2015-05-23,08:53:19.968000,B37,2015-06-15,12:02:05.971000,P14,120,Dunn,Geraldine,G,Dr.,Geraldine,,1,abarton@gmail.com,0292018790,0292018790,0292018790,,838 Elliot mountain,Hartmouth,RH6B 4HX,,,WC2 6AS,,,P,2015-05-23,,Green,36087712,0,
85,85,2015-05-23,08:57:19.987000,B36,2020-05-04,12:40:33.974000,C37,121,Moran,Leigh,L,Mr.,Leigh,,1,fturner@yahoo.com,0131 496 0600,0131 496 0600,0131 496 0600,,Flat 2,Williams cape,Jonesshire,EC4 7AH,,CM0Y 1XB,,,P,2015-05-23,,Amber,36087716,0,
86,86,2015-05-23,09:02:10.032000,P80,2019-01-11,11:20:15.965000,S79,122,Rahman,Geraldine,G,Mrs.,Geraldine,,1,grichards@gmail.co.uk,01154960722,01154960722,01154960722,,Flat 9,Kieran place,Harrietfort,SR24 4AL,,KT2P 7HL,,,P,2015-05-23,,Green,36087616,0,
87,87,2015-05-23,09:08:16.022000,B37,2019-01-14,11:39:02.016000,S79,123,Palmer,Lucy,L,Miss,Lucy,,1,barbaradonnelly@connor-long.net,+44(0)1514960827,+44(0)1514960827,+44(0)1514960827,,Studio 29,Dean ville,Port Clifford,M1F 1EX,,B6 8ZH,,,P,2015-05-23,,Green,36087621,0,
88,88,2015-05-23,09:10:18.019000,P80,2019-01-11,11:24:57.974000,S79,124,Chambers,Sara,S,Miss,Sara,,1,ellispaul@hotmail.com,0114 4960776,0114 4960776,0114 4960776,,Studio 64f,Gardiner roads,Newmanmouth,CO76 2AB,,L4 1SS,,,P,2015-05-23,,Green,36107329,0,
89,89,2015-05-23,09:10:32.016000,B36,2016-02-01,14:26:59.971000,P14,125,Robinson,Dean,D,Dr.,Dean,,89,martinjonathan@hotmail.co.uk,+44(0)1914960445,+44(0)1914960445,+44(0)1914960445,,Studio 17,Johnson fields,South Hollyburgh,HD3 8HS,,L9 7QF,,,P,2015-05-23,2016-01-31,Red,36087730,3,
90,90,2015-05-23,09:15:49.968000,B36,2020-06-11,15:56:45.974000,C37,126,Webb,Louise,L,Mr.,Louise,,1,hooperoliver@jones.com,+441134960908,+441134960908,+441134960908,,Flat 70s,Murphy land,Lake Lynne,E5 7ZB,,SM78 0NR,,,P,2015-05-23,,Red,36087733,0,
91,91,2015-05-23,09:18:12.010000,P80,2019-06-06,08:36:49.997000,R10,127,Tomlinson,George,G,Mrs.,George,,1,colin96@gmail.com,+44121 496 0483,+44121 496 0483,+44121 496 0483,,32 Hughes plain,Wellsmouth,SW6E 6BL,,,TR4 2HG,,,P,2015-05-23,,Amber,36087636,0,
92,92,2015-05-23,09:24:21.974000,B36,2019-08-13,16:43:16.003000,C37,128,Davies,Gareth,G,Dr.,Gareth,,1,jessica17@yahoo.com,(0113) 4960583,(0113) 4960583,(0113) 4960583,,40 Josh street,Laneport,W8K 4UJ,,,TS27 6RX,,,P,2015-05-23,,Green,36106726,0,
93,93,2015-05-23,09:30:32.026000,B36,2015-05-30,09:19:48,B37,129,Dale,Ben,B,Mr.,Ben,,1,oliviareynolds@hotmail.co.uk,0118 496 0654,0118 496 0654,0118 496 0654,,646 Moore row,New Julian,HP87 4NZ,,,S8D 5XT,,,P,2015-05-23,,Green,36106730,0,
94,94,2015-05-23,09:37:44.026000,B36,2015-05-30,09:20:17.981000,B37,130,Hussain,Kevin,K,Dr.,Kevin,,1,lawrencemarian@brown.com,(0131) 4960755,(0131) 4960755,(0131) 4960755,,Flat 0,Knight ports,Charlesshire,TW5H 0RP,,HU30 7RU,,,P,2015-05-23,,Green,36087655,0,
95,95,2015-05-23,09:45:36.029000,P80,2015-05-30,09:55:49.987000,P14,131,Payne,Kevin,K,Dr.,Kevin,,1,dannybennett@webster.com,028 9018 0842,028 9018 0842,028 9018 0842,03700 863 001,6 Bird corners,New Geraldport,G3 4AL,,,LS30 5PJ,,,P,2015-05-23,,Green,36323009,0,
96,96,2015-05-23,09:49:00.019000,B37,2018-02-03,08:15:48.038000,V02,132,Robinson,Katy,K,Mrs.,Katy,,1,eileenreynolds@edwards.com,0191 4960880,0191 4960880,0191 4960880,01256479425,994 Bryan crest,East Albertstad,FK3 7ET,,,ME80 9DA,,,P,2015-05-23,,Amber,36107279,0,
97,97,2015-05-23,09:49:19.978000,B36,2018-09-17,09:02:26.016000,S79,133,Williamson,Diana,D,Dr.,Diana,,1,mbradley@hotmail.co.uk,+44(0)306 9990858,+44(0)306 9990858,+44(0)306 9990858,,Studio 46,Anderson locks,Port Naomi,N1U 9UG,,W9J 0YT,,,P,2015-05-23,,Green,36108314,0,
98,98,2015-05-23,09:57:53.971000,B36,2015-06-04,11:30:30.010000,B36,134,Pugh,Christian,C,Dr.,Christian,,1,quinnabigail@gmail.co.uk,+44(0)1914960885,+44(0)1914960885,+44(0)1914960885,,44 Francis spurs,Taylorfurt,LE2 2SD,,,L7 8TY,,,P,2015-05-23,,Green,36108412,0,
99,99,2015-05-23,09:58:33.974000,B37,2019-07-16,11:40:01.978000,R10,135,Murray,Rhys,R,Mr.,Rhys,,1,ypope@long.com,(0161) 496 0472,(0161) 496 0472,(0161) 496 0472,,121 Michael falls,Morleytown,G41 9XZ,,,IG1Y 0SS,,,P,2015-05-23,,Green,36108416,0,
100,100,2015-05-23,10:05:15.994000,B36,2015-12-11,11:46:12.029000,P80,136,Howard,Beverley,B,Miss,Beverley,,1,jwilliams@warner-day.co.uk,0191 4960804,0191 4960804,0191 4960804,,Flat 11,Thomas islands,New Gordonview,BN5 6XZ,,PH2A 1AN,,,P,2015-05-23,,Green,36107364,0,
101,101,2015-05-23,10:06:49.997000,P80,2019-01-11,11:37:38.035000,S79,137,Baker,Lawrence,L,Mr.,Lawrence,,1,yfreeman@gmail.co.uk,(0151) 4960668,(0151) 4960668,(0151) 4960668,,823 Maria valleys,Glennfort,L66 7EU,,,CO8X 7XW,,,P,2015-05-23,,Green,36342322,0,
102,102,2015-05-23,10:09:59.990000,B37,2015-07-31,15:31:45.984000,P14,138,Chambers,Tony,T,Ms.,Tony,,1,omcdonald@murphy.biz,0116 496 0950,0116 496 0950,0116 496 0950,,897 Marie well,Bethview,L8F 3SE,,,DG3 3PW,,,P,2015-05-23,,Green,36107305,0,
103,103,2015-05-23,10:14:55.997000,B36,2015-05-30,09:20:42,B37,139,Roberts,Teresa,T,Dr.,Teresa,,1,lewisfleming@gmail.com,+44(0)289018929,+44(0)289018929,+44(0)289018929,,Studio 11,Marion shoals,West Adam,M7 3QD,,LL8X 9WN,,,P,2015-05-23,,Green,36107370,0,
104,104,2015-05-23,10:16:43.997000,B37,2019-01-02,14:50:56.026000,R10,140,Allen,Glen,G,Mrs.,Glen,,1,annepatel@mitchell-roberts.com,(0121)4960724,(0121)4960724,(0121)4960724,,76 Nicholas wells,Zoebury,CB05 8PU,,,SR72 0LT,,,P,2015-05-23,,Amber,36107314,0,
105,105,2015-05-23,10:17:36.010000,P80,2019-01-14,11:06:13.997000,S79,141,Benson,Marilyn,M,Dr.,Marilyn,,1,howellsjoseph@james-wyatt.org,0118 4960089,0118 4960089,0118 4960089,,Studio 52,Knight squares,Turnerville,SE4 8HL,,CH2 7GA,,,P,2015-05-23,,Green,36108338,0,
106,106,2015-05-23,10:21:05.962000,B36,2019-08-23,16:30:00,B95,142,Williamson,Ross,R,Dr.,Ross,,1,naylorclare@hotmail.co.uk,+4429 2018117,+4429 2018117,+4429 2018117,,Flat 8,Hazel light,East Natalieside,L6 1DL,,B8 3TU,,,P,2015-05-23,,Amber,36108437,0,
107,107,2015-05-23,10:26:20.026000,B37,2017-03-16,14:23:09.974000,P14,143,Parkinson,Jay,J,Miss,Jay,,1,birdjosh@yahoo.com,01154960692,01154960692,01154960692,,Flat 46L,Rhodes wall,Joycehaven,HD3 3XD,,JE0M 6WJ,,,P,2015-05-23,,Green,36109614,0,
108,108,2015-05-23,10:27:49.968000,P80,2019-01-14,10:56:07.987000,S79,144,Byrne,Carly,C,Mrs.,Carly,,1,brian94@hotmail.co.uk,02074960726,02074960726,02074960726,,30 Jones rest,East Ashley,B5C 7HS,,,L1T 1DT,,,P,2015-05-23,,Green,36108351,0,
109,109,2015-05-23,10:30:17.971000,B36,2019-01-14,14:34:25.968000,S79,145,Goodwin,June,J,Mrs.,June,,1,josh78@reynolds.org,+44191 4960467,+44191 4960467,+44191 4960467,,378 June throughway,North Alexanderfurt,CM8H 0WS,,,DN2 2FR,,,P,2015-05-23,,Green,36107392,0,
110,110,2015-05-23,10:41:45.974000,B36,2019-01-14,14:36:58.032000,S79,146,Evans,Carl,C,Mrs.,Carl,,1,duncan48@gmail.co.uk,+441164960581,+441164960581,+441164960581,,Flat 5,Joyce crescent,Timothyview,M6K 4NZ,,W1F 7XR,,,P,2015-05-23,,Green,36108364,0,
111,111,2015-05-23,10:42:32.026000,B37,2015-06-16,10:47:14.035000,P14,147,Jones,Jean,J,Dr.,Jean,,1,dalemandy@gmail.co.uk,+441632 960378,+441632 960378,+441632 960378,,Flat 63z,Stephen well,Webbland,S8 8JQ,,W5B 1RB,,,P,2015-05-23,,Green,36109727,0,
112,112,2015-05-23,10:42:37.987000,P80,2019-01-18,10:17:48.019000,B34,148,Parker,Jessica,J,Ms.,Jessica,,1,tayloramanda@hotmail.com,+44(0)114 496 0999,+44(0)114 496 0999,+44(0)114 496 0999,,119 Briggs crescent,Port Ritaburgh,WR4B 0ZN,,,M9F 5DY,,,P,2015-05-23,,Green,36107403,0,
113,113,2015-05-23,10:51:49.997000,B36,2020-06-11,11:44:00.010000,C37,149,Gordon,Jason,J,Dr.,Jason,,91,jonesmarian@warren-carter.com,0131 496 0818,0131 496 0818,0131 496 0818,,Flat 72,Green meadows,North Samuel,ME8 0TZ,,TN2 0NF,,,P,2015-05-23,2019-10-18,Red,36107409,3,
114,114,2015-05-23,11:04:29.971000,B36,2019-08-13,16:27:19.987000,C37,150,Hancock,Kenneth,K,Mr.,Kenneth,,1,aaron36@brown.co.uk,+44(0)151 496 0747,+44(0)151 496 0747,+44(0)151 496 0747,,679 Scott loaf,Daviesberg,S5 4GF,,,G38 2FT,,,P,2015-05-23,,Green,36107419,0,
115,115,2015-05-23,11:07:30.029000,B37,2019-01-14,14:38:50.006000,S79,151,Stokes,Charlie,C,Dr.,Charlie,,1,jacob41@gmail.com,0117 4960492,0117 4960492,0117 4960492,,Flat 70u,Cheryl fall,Taylorburgh,N1 9AG,,DA4P 2TH,,,O,2015-05-23,,Green,36109645,0,
116,116,2015-05-23,11:19:12.029000,P80,2019-01-14,10:35:10.003000,S79,152,King,Philip,P,Dr.,Philip,,1,jeffreybutler@hotmail.com,(01632) 960085,(01632) 960085,(01632) 960085,,98 Linda hill,New Francis,IM05 9QZ,,,NR9N 0TL,,,P,2015-05-23,,Green,36108478,0,
117,117,2015-05-23,11:28:14.016000,B37,2018-08-17,12:14:08.016000,R02,153,Little,Francesca,F,Dr.,Francesca,,1,davisonshane@wilkins.info,+44(0)121 4960008,+44(0)121 4960008,+44(0)121 4960008,,Studio 1,Charlotte crest,North Aaronport,LE6 8PB,,HP07 5ZH,,,P,2015-05-23,,Green,36109757,0,
118,118,2015-05-23,11:30:21.974000,P80,2019-01-14,10:36:37.958000,S79,154,Austin,Philip,P,Ms.,Philip,,1,abigail23@hotmail.com,+44(0)121 496 0028,+44(0)121 496 0028,+44(0)121 496 0028,,998 Jamie passage,Haywardport,BD1 8QN,,,E5T 5UT,,,P,2015-05-23,,Green,36109666,0,
119,119,2015-05-23,11:34:16.032000,B37,2019-08-14,10:05:50.035000,B34,155,Thomas,Sarah,S,Dr.,Sarah,,1,graemewalker@hartley-nash.net,(01632)960957,(01632)960957,(01632)960957,,Flat 63d,Jason stream,Sandraton,S3S 5HP,,SY70 5UD,,,P,2015-05-23,,Amber,36109668,0,
120,120,2015-05-23,11:42:13.997000,B37,2015-06-16,10:50:07.958000,P14,156,Banks,Elaine,E,Dr.,Elaine,,1,bowensara@jones-skinner.info,+44(0)116 496 0563,+44(0)116 496 0563,+44(0)116 496 0563,,2 Duncan rest,West Alexandraberg,LA1X 3RB,,,G1 9WP,,,P,2015-05-23,,Green,36109774,0,
121,121,2015-05-23,11:42:17.971000,P80,2019-01-14,10:44:25.987000,S79,157,Donnelly,Leonard,L,Mrs.,Leonard,,1,hewittbenjamin@green.com,0141 4960517,0141 4960517,0141 4960517,,7 Joe summit,North Victorbury,N67 7TU,,,KT3 4TP,,,P,2015-05-23,,Green,36111454,0,
122,122,2015-05-23,11:49:38.006000,P80,2019-01-11,11:34:23.981000,S79,158,Cox,Jack,J,Dr.,Jack,,1,sarah47@west-lane.com,+441632960800,+441632960800,+441632960800,,Flat 7,Lee run,West Trevor,SK9 0AT,,B7H 8UX,,,P,2015-05-23,,Green,36110733,0,
123,123,2015-05-23,11:50:25.958000,B37,2016-06-10,15:49:49.958000,P14,159,Miller,Natalie,N,Ms.,Natalie,,1,ballmichael@hotmail.co.uk,(0117) 496 0832,(0117) 496 0832,(0117) 496 0832,,Flat 23,Clark flat,Khantown,FY8W 2SQ,,G6S 8AS,,,P,2015-05-23,,Green,36109679,0,
124,124,2015-05-23,11:57:54.029000,P80,2019-10-18,10:48:27.994000,C37,160,Lamb,Hayley,H,Ms.,Hayley,,1,carly82@wright.info,+44114 496 0230,+44114 496 0230,+44114 496 0230,,8 Jason mill,New Normanmouth,TN3 9AX,,,L51 5DY,,,P,2015-05-23,,Amber,36110744,0,
125,125,2015-05-23,11:59:35.981000,B37,2015-06-10,14:18:04.032000,P14,161,Archer,Shane,S,Mr.,Shane,,1,kathrynroberts@pugh.com,+44909 8790297,+44909 8790297,+44909 8790297,,Studio 8,Howells lodge,North Conorville,TN9 3LR,,B9 9XD,,,P,2015-05-23,,Green,36110747,0,
126,126,2015-05-23,12:10:09.984000,P80,2019-01-14,10:40:02.035000,S79,162,Davidson,Reece,R,Mr.,Reece,,1,danny19@bentley-leonard.com,0909 8790397,0909 8790397,0909 8790397,,Flat 0,Spencer views,East Stewartborough,BN56 3HE,,B7H 8PH,,,P,2015-05-23,,Green,36109796,0,
127,127,2015-05-23,12:32:37.997000,P80,,,,163,Patterson,Shirley,S,Miss,Shirley,,1,emoore@lewis.net,(0114)4960462,(0114)4960462,(0114)4960462,,Flat 28M,Scott cliffs,Charlieside,SM37 9GP,,S5 1AA,,,P,2015-05-23,,Green,36109703,0,
128,128,2015-05-23,12:43:55.978000,P80,2019-01-14,10:46:57.965000,S79,164,Phillips,Toby,T,Dr.,Toby,,1,marylloyd@black-hill.com,+44(0)151 4960451,+44(0)151 4960451,+44(0)151 4960451,020 8965 0229,Studio 89H,Hobbs plaza,Carlymouth,HA5R 0WQ,,KA5 6EY,,,P,2015-05-23,,Green,36110766,0,
129,129,2015-05-23,12:54:03.974000,P80,2019-01-14,11:00:23.990000,S79,165,Goddard,Vincent,V,Mr.,Vincent,,1,fbailey@yahoo.co.uk,(020) 7496 0761,(020) 7496 0761,(020) 7496 0761,,Flat 80Y,Ian fords,Victoriaville,HR25 7HB,,S79 9GT,,,P,2015-05-23,,Green,36110770,0,
130,130,2015-05-23,13:17:53.981000,B37,2015-06-25,16:27:40.032000,P14,166,Newman,Dorothy,D,Dr.,Dorothy,,1,agreen@hotmail.co.uk,+4420 74960489,+4420 74960489,+4420 74960489,,Flat 9,Lisa extension,Spencerside,W3 8AE,,N1 2XY,,,P,2015-05-23,,Green,36111512,0,
131,131,2015-05-23,13:30:43.978000,B37,2015-05-30,09:16:38.006000,B37,167,Kirk,Suzanne,S,Mr.,Suzanne,,1,melissa39@bell.net,+44(0)131 4960132,+44(0)131 4960132,+44(0)131 4960132,,Studio 61Z,Gordon common,Sharpeview,IM24 4AP,,CT3B 1TU,,,P,2015-05-23,,Green,36114287,0,
132,132,2015-05-23,13:43:38.035000,B37,2019-01-14,13:17:55.968000,S79,168,Coleman,Julian,J,Miss,Julian,,1,burnscarole@baker.net,+44(0)1514960962,+44(0)1514960962,+44(0)1514960962,,2 Edwards key,North Pamela,M58 5ZX,,,W5U 4GD,,,P,2015-05-23,,Green,36111848,0,
133,133,2015-06-11,10:43:45.984000,B37,2017-08-22,10:57:41.990000,P14,169,Thomas,Frank,F,Dr.,Frank,,1,woodpatrick@wilson.org,(0113) 4960651,(0113) 4960651,(0113) 4960651,,28 Bell trail,North Danielle,S4H 1RQ,,,G3E 8TA,,,O,2015-06-11,,Green,37448117,0,
134,134,2015-06-11,11:01:10.042000,B37,,,,170,Evans,Douglas,D,Dr.,Douglas,,1,sking@dixon-stokes.com,+44(0)118 496 0953,+44(0)118 496 0953,+44(0)118 496 0953,,1 Holmes streets,Robinsonchester,M9 6SW,,,N7U 9WR,,,P,2015-06-11,,Green,36754198,0,
135,135,2015-06-11,11:31:06.038000,B37,2019-01-11,11:16:13.958000,S79,171,Abbott,Gerard,G,Mr.,Gerard,,1,sam56@hotmail.co.uk,+44(0)20 74960449,+44(0)20 74960449,+44(0)20 74960449,,Studio 92u,Fiona overpass,Port Scott,DG11 9ZT,,CB83 2ES,,,P,2015-06-11,,Green,36754865,0,
136,136,2015-11-25,10:21:19.958000,B37,2017-04-26,14:51:17.971000,P14,172,Ali,Arthur,A,Dr.,Arthur,,1,dlloyd@hotmail.co.uk,01154960103,01154960103,01154960103,01492 876274,Studio 66,Wright isle,Port Rosemary,G0E 5YL,,M7T 3EN,,,P,2015-11-25,,Green,42327081,0,
137,137,2016-07-12,14:21:23.962000,B37,2020-06-15,12:40:45.984000,C37,173,Knowles,Jane,J,Dr.,Jane,,1,davismarion@hotmail.co.uk,0116 496 0694,0116 496 0694,0116 496 0694,,Flat 50S,Craig estate,New Naomi,B0 2TQ,,PA5 6LU,,,P,2016-07-12,,Amber,50397708,0,
138,138,2016-12-14,10:54:42.019000,B37,2017-01-20,09:24:04.003000,P14,174,Cox,Tom,T,Mr.,Tom,,1,ianbarnes@gmail.com,029 2018 0131,029 2018 0131,029 2018 0131,,Studio 9,Ashleigh dam,Port Edwardhaven,WS3 9AL,,CO19 3DB,,,P,2016-12-14,,Green,55470104,0,
